SAMPLE	CHROMOSOME	POSITION	REF	ALT	MUT_ID	CONTEXT	MAX_PROB	SIGNATURE
Rahbari_2015	1	1044003	G	A	1_1044003_G>A	CCG>T	0.6902973251704562	SBS1
Rahbari_2015	1	3417202	C	A	1_3417202_C>A	TCA>A	0.9983367649671121	SBS5
Rahbari_2015	1	3502502	G	A	1_3502502_G>A	GCG>T	0.7791107411582391	SBS1
Rahbari_2015	1	4673732	C	T	1_4673732_C>T	GCG>T	0.7791107411582391	SBS1
Rahbari_2015	1	5753942	G	A	1_5753942_G>A	CCG>T	0.6902973251704562	SBS1
Rahbari_2015	1	8560175	G	A	1_8560175_G>A	CCT>T	0.9983142833055476	SBS5
Rahbari_2015	1	12028712	C	T	1_12028712_C>T	ACC>T	0.9343482883659708	SBS5
Rahbari_2015	1	20771192	A	C	1_20771192_A>C	TTC>G	0.9983312332821868	SBS5
Rahbari_2015	1	21903696	T	G	1_21903696_T>G	ATG>G	0.99332763155716	SBS5
Rahbari_2015	1	31608521	G	T	1_31608521_G>T	GCC>A	0.9912582518493523	SBS5
Rahbari_2015	1	33276028	G	A	1_33276028_G>A	GCG>T	0.7791107411582391	SBS1
Rahbari_2015	1	35478201	C	T	1_35478201_C>T	ACT>T	0.9202514914207148	SBS5
Rahbari_2015	1	37102520	A	C	1_37102520_A>C	ATG>G	0.99332763155716	SBS5
Rahbari_2015	1	39335900	T	C	1_39335900_T>C	GTA>C	0.9853965842149104	SBS5
Rahbari_2015	1	47269912	A	G	1_47269912_A>G	TTA>C	0.9971886287169676	SBS5
Rahbari_2015	1	49516916	A	G	1_49516916_A>G	TTA>C	0.9971886287169676	SBS5
Rahbari_2015	1	50527064	C	G	1_50527064_C>G	GCC>G	0.9936163060545652	SBS5
Rahbari_2015	1	52225341	A	C	1_52225341_A>C	CTC>G	0.9909311622254492	SBS5
Rahbari_2015	1	56818320	G	A	1_56818320_G>A	CCC>T	0.9971799493266468	SBS5
Rahbari_2015	1	60179304	A	G	1_60179304_A>G	ATT>C	0.9710383881141229	SBS5
Rahbari_2015	1	70873997	T	G	1_70873997_T>G	CTT>G	0.9953599078484432	SBS5
Rahbari_2015	1	73856310	T	C	1_73856310_T>C	GTT>C	0.9989653520543104	SBS5
Rahbari_2015	1	75166175	A	G	1_75166175_A>G	ATG>C	0.9994480802285792	SBS5
Rahbari_2015	1	77006817	T	C	1_77006817_T>C	GTT>C	0.9989653520543104	SBS5
Rahbari_2015	1	78144771	G	A	1_78144771_G>A	ACG>T	0.9215918803710064	SBS1
Rahbari_2015	1	84306723	C	G	1_84306723_C>G	TCA>G	0.9999999999999942	SBS5
Rahbari_2015	1	88692372	A	G	1_88692372_A>G	ATA>C	0.9953267029228771	SBS5
Rahbari_2015	1	91348962	T	C	1_91348962_T>C	GTG>C	0.9847145520601851	SBS5
Rahbari_2015	1	91626188	T	A	1_91626188_T>A	TTG>A	0.9988380410010688	SBS5
Rahbari_2015	1	99239970	C	T	1_99239970_C>T	CCG>T	0.6902973251704562	SBS1
Rahbari_2015	1	104016747	T	C	1_104016747_T>C	ATT>C	0.9710383881141229	SBS5
Rahbari_2015	1	107525625	C	G	1_107525625_C>G	TCT>G	0.9757655440055678	SBS5
Rahbari_2015	1	108190680	G	C	1_108190680_G>C	ACA>G	0.9646464560657172	SBS5
Rahbari_2015	1	108190680	G	C	1_108190680_G>C	ACA>G	0.9646464560657172	SBS5
Rahbari_2015	1	109006742	A	C	1_109006742_A>C	CTG>G	0.9958617022222918	SBS5
Rahbari_2015	1	113170875	A	G	1_113170875_A>G	ATC>C	0.9568019589651034	SBS5
Rahbari_2015	1	147493534	G	A	1_147493534_G>A	CCT>T	0.9983142833055476	SBS5
Rahbari_2015	1	149996223	C	T	1_149996223_C>T	GCA>T	0.9564376677028832	SBS5
Rahbari_2015	1	152041318	C	T	1_152041318_C>T	TCG>T	0.5792650703329694	SBS1
Rahbari_2015	1	157901822	A	T	1_157901822_A>T	ATG>A	0.9757276494081604	SBS5
Rahbari_2015	1	158420476	G	A	1_158420476_G>A	GCG>T	0.7791107411582391	SBS1
Rahbari_2015	1	160597287	A	G	1_160597287_A>G	ATA>C	0.9953267029228771	SBS5
Rahbari_2015	1	169527632	A	G	1_169527632_A>G	ATG>C	0.9994480802285792	SBS5
Rahbari_2015	1	170899178	G	A	1_170899178_G>A	ACA>T	0.8675928111764469	SBS5
Rahbari_2015	1	180189495	C	T	1_180189495_C>T	ACG>T	0.9215918803710064	SBS1
Rahbari_2015	1	201390436	C	G	1_201390436_C>G	GCT>G	0.9999999999999934	SBS5
Rahbari_2015	1	207591400	G	A	1_207591400_G>A	TCG>T	0.5792650703329694	SBS1
Rahbari_2015	1	211561229	G	A	1_211561229_G>A	GCC>T	0.9991457278024256	SBS5
Rahbari_2015	1	228472498	G	A	1_228472498_G>A	CCC>T	0.9971799493266468	SBS5
Rahbari_2015	1	230722189	G	C	1_230722189_G>C	GCT>G	0.9999999999999934	SBS5
Rahbari_2015	1	230722189	G	C	1_230722189_G>C	GCT>G	0.9999999999999934	SBS5
Rahbari_2015	1	234080679	G	T	1_234080679_G>T	TCG>A	0.9999999999999808	SBS5
Rahbari_2015	1	234747176	G	C	1_234747176_G>C	CCA>G	0.9993113764892484	SBS5
Rahbari_2015	1	241424200	A	G	1_241424200_A>G	CTC>C	0.9543453073596284	SBS5
Rahbari_2015	1	246971377	G	A	1_246971377_G>A	CCG>T	0.6902973251704562	SBS1
Rahbari_2015	2	2656322	C	T	2_2656322_C>T	CCA>T	0.979896045968078	SBS5
Rahbari_2015	2	3199113	T	C	2_3199113_T>C	ATA>C	0.9953267029228771	SBS5
Rahbari_2015	2	4193889	T	A	2_4193889_T>A	TTT>A	0.9513174690672004	SBS5
Rahbari_2015	2	13264562	T	C	2_13264562_T>C	CTA>C	0.9999999999999968	SBS5
Rahbari_2015	2	14034046	C	A	2_14034046_C>A	GCT>A	0.9999999999999936	SBS5
Rahbari_2015	2	29481755	A	G	2_29481755_A>G	ATG>C	0.9994480802285792	SBS5
Rahbari_2015	2	35508487	G	A	2_35508487_G>A	ACG>T	0.9215918803710064	SBS1
Rahbari_2015	2	37614788	A	T	2_37614788_A>T	ATC>A	0.9398151370762584	SBS5
Rahbari_2015	2	46816200	G	T	2_46816200_G>T	TCC>A	0.9479512390125971	SBS5
Rahbari_2015	2	47348863	G	A	2_47348863_G>A	GCC>T	0.9991457278024256	SBS5
Rahbari_2015	2	57417812	G	C	2_57417812_G>C	ACT>G	0.9780310484425716	SBS5
Rahbari_2015	2	57893832	C	T	2_57893832_C>T	TCT>T	0.999999999999998	SBS5
Rahbari_2015	2	66490813	A	C	2_66490813_A>C	TTT>G	0.9999999999999968	SBS5
Rahbari_2015	2	68441365	T	C	2_68441365_T>C	ATG>C	0.9994480802285792	SBS5
Rahbari_2015	2	71277676	G	A	2_71277676_G>A	CCC>T	0.9971799493266468	SBS5
Rahbari_2015	2	72602399	C	A	2_72602399_C>A	ACG>A	0.9813154186172008	SBS5
Rahbari_2015	2	75040034	T	C	2_75040034_T>C	ATT>C	0.9710383881141229	SBS5
Rahbari_2015	2	78134576	T	C	2_78134576_T>C	TTA>C	0.9971886287169676	SBS5
Rahbari_2015	2	83987562	T	C	2_83987562_T>C	GTA>C	0.9853965842149104	SBS5
Rahbari_2015	2	103562664	A	T	2_103562664_A>T	CTG>A	0.9872934759401087	SBS5
Rahbari_2015	2	105463196	T	C	2_105463196_T>C	ATT>C	0.9710383881141229	SBS5
Rahbari_2015	2	109184466	T	G	2_109184466_T>G	GTC>G	0.999999999999974	SBS5
Rahbari_2015	2	116539207	C	T	2_116539207_C>T	ACA>T	0.8675928111764469	SBS5
Rahbari_2015	2	121643995	C	T	2_121643995_C>T	ACT>T	0.9202514914207148	SBS5
Rahbari_2015	2	126533074	T	C	2_126533074_T>C	CTA>C	0.9999999999999968	SBS5
Rahbari_2015	2	126631794	T	C	2_126631794_T>C	ATA>C	0.9953267029228771	SBS5
Rahbari_2015	2	131052310	G	A	2_131052310_G>A	GCG>T	0.7791107411582391	SBS1
Rahbari_2015	2	138346020	G	A	2_138346020_G>A	TCG>T	0.5792650703329694	SBS1
Rahbari_2015	2	141402047	C	A	2_141402047_C>A	GCA>A	0.9700949608402764	SBS5
Rahbari_2015	2	142948513	A	G	2_142948513_A>G	ATG>C	0.9994480802285792	SBS5
Rahbari_2015	2	154003390	C	T	2_154003390_C>T	GCG>T	0.7791107411582391	SBS1
Rahbari_2015	2	160431779	T	C	2_160431779_T>C	GTT>C	0.9989653520543104	SBS5
Rahbari_2015	2	160583217	C	T	2_160583217_C>T	GCA>T	0.9564376677028832	SBS5
Rahbari_2015	2	164946384	G	A	2_164946384_G>A	CCA>T	0.979896045968078	SBS5
Rahbari_2015	2	167527687	C	G	2_167527687_C>G	ACT>G	0.9780310484425716	SBS5
Rahbari_2015	2	169110575	G	A	2_169110575_G>A	CCT>T	0.9983142833055476	SBS5
Rahbari_2015	2	169795294	A	G	2_169795294_A>G	TTA>C	0.9971886287169676	SBS5
Rahbari_2015	2	171115734	C	T	2_171115734_C>T	ACG>T	0.9215918803710064	SBS1
Rahbari_2015	2	174909429	C	T	2_174909429_C>T	CCC>T	0.9971799493266468	SBS5
Rahbari_2015	2	179739170	T	C	2_179739170_T>C	ATA>C	0.9953267029228771	SBS5
Rahbari_2015	2	181222719	T	A	2_181222719_T>A	TTT>A	0.9513174690672004	SBS5
Rahbari_2015	2	185435883	C	T	2_185435883_C>T	GCG>T	0.7791107411582391	SBS1
Rahbari_2015	2	185435883	C	T	2_185435883_C>T	GCG>T	0.7791107411582391	SBS1
Rahbari_2015	2	188192713	T	C	2_188192713_T>C	ATT>C	0.9710383881141229	SBS5
Rahbari_2015	2	191043349	A	G	2_191043349_A>G	CTT>C	0.9994313441543491	SBS5
Rahbari_2015	2	192292920	T	G	2_192292920_T>G	ATT>G	0.9954064909964836	SBS5
Rahbari_2015	2	192292920	T	G	2_192292920_T>G	ATT>G	0.9954064909964836	SBS5
Rahbari_2015	2	195772112	G	A	2_195772112_G>A	ACA>T	0.8675928111764469	SBS5
Rahbari_2015	2	206570951	T	G	2_206570951_T>G	CTC>G	0.9909311622254492	SBS5
Rahbari_2015	2	212450235	T	C	2_212450235_T>C	ATG>C	0.9994480802285792	SBS5
Rahbari_2015	2	212833538	C	T	2_212833538_C>T	ACG>T	0.9215918803710064	SBS1
Rahbari_2015	2	213646858	A	G	2_213646858_A>G	GTG>C	0.9847145520601851	SBS5
Rahbari_2015	2	214074276	G	A	2_214074276_G>A	CCG>T	0.6902973251704562	SBS1
Rahbari_2015	2	221770227	T	C	2_221770227_T>C	ATA>C	0.9953267029228771	SBS5
Rahbari_2015	2	223801151	A	G	2_223801151_A>G	ATG>C	0.9994480802285792	SBS5
Rahbari_2015	2	224634418	G	A	2_224634418_G>A	ACA>T	0.8675928111764469	SBS5
Rahbari_2015	2	225297238	C	T	2_225297238_C>T	TCG>T	0.5792650703329694	SBS1
Rahbari_2015	2	225577907	T	G	2_225577907_T>G	CTC>G	0.9909311622254492	SBS5
Rahbari_2015	2	225934607	G	A	2_225934607_G>A	GCA>T	0.9564376677028832	SBS5
Rahbari_2015	2	227006382	G	A	2_227006382_G>A	GCT>T	0.9995893109769388	SBS5
Rahbari_2015	2	229074889	C	T	2_229074889_C>T	TCG>T	0.5792650703329694	SBS1
Rahbari_2015	2	232942953	G	A	2_232942953_G>A	TCA>T	0.989235353285602	SBS5
Rahbari_2015	2	236405447	T	G	2_236405447_T>G	TTG>G	0.9835569712242708	SBS5
Rahbari_2015	3	3877187	C	T	3_3877187_C>T	TCG>T	0.5792650703329694	SBS1
Rahbari_2015	3	4624158	A	G	3_4624158_A>G	GTG>C	0.9847145520601851	SBS5
Rahbari_2015	3	15059293	C	T	3_15059293_C>T	ACG>T	0.9215918803710064	SBS1
Rahbari_2015	3	16392957	A	G	3_16392957_A>G	ATT>C	0.9710383881141229	SBS5
Rahbari_2015	3	17495684	G	A	3_17495684_G>A	GCA>T	0.9564376677028832	SBS5
Rahbari_2015	3	24512010	C	G	3_24512010_C>G	CCC>G	0.9983177291161022	SBS5
Rahbari_2015	3	25109277	C	T	3_25109277_C>T	CCT>T	0.9983142833055476	SBS5
Rahbari_2015	3	26716244	G	A	3_26716244_G>A	ACT>T	0.9202514914207148	SBS5
Rahbari_2015	3	27894976	A	T	3_27894976_A>T	TTC>A	0.9999999999999892	SBS5
Rahbari_2015	3	28824991	A	G	3_28824991_A>G	CTG>C	0.9965674326444546	SBS5
Rahbari_2015	3	29429001	G	T	3_29429001_G>T	TCT>A	0.9999078687840984	SBS5
Rahbari_2015	3	29429002	A	T	3_29429002_A>T	CTC>A	0.9851542332781864	SBS5
Rahbari_2015	3	33928639	G	A	3_33928639_G>A	ACG>T	0.9215918803710064	SBS1
Rahbari_2015	3	38537597	C	T	3_38537597_C>T	ACC>T	0.9343482883659708	SBS5
Rahbari_2015	3	40697658	G	A	3_40697658_G>A	ACA>T	0.8675928111764469	SBS5
Rahbari_2015	3	42387179	A	T	3_42387179_A>T	ATG>A	0.9757276494081604	SBS5
Rahbari_2015	3	59179186	A	G	3_59179186_A>G	ATA>C	0.9953267029228771	SBS5
Rahbari_2015	3	59927807	T	C	3_59927807_T>C	CTG>C	0.9965674326444546	SBS5
Rahbari_2015	3	62334706	C	T	3_62334706_C>T	ACA>T	0.8675928111764469	SBS5
Rahbari_2015	3	64689409	A	G	3_64689409_A>G	ATA>C	0.9953267029228771	SBS5
Rahbari_2015	3	64909571	G	T	3_64909571_G>T	TCT>A	0.9999078687840984	SBS5
Rahbari_2015	3	67001047	T	G	3_67001047_T>G	TTT>G	0.9999999999999968	SBS5
Rahbari_2015	3	71153337	C	T	3_71153337_C>T	CCT>T	0.9983142833055476	SBS5
Rahbari_2015	3	71289226	A	G	3_71289226_A>G	CTC>C	0.9543453073596284	SBS5
Rahbari_2015	3	76787042	G	T	3_76787042_G>T	ACT>A	0.9628926785616846	SBS5
Rahbari_2015	3	80094955	A	G	3_80094955_A>G	ATT>C	0.9710383881141229	SBS5
Rahbari_2015	3	84474027	A	G	3_84474027_A>G	TTC>C	0.9350347056169518	SBS5
Rahbari_2015	3	85267657	G	T	3_85267657_G>T	ACC>A	0.9541385776481084	SBS5
Rahbari_2015	3	98310286	G	A	3_98310286_G>A	ACT>T	0.9202514914207148	SBS5
Rahbari_2015	3	98391374	T	C	3_98391374_T>C	ATC>C	0.9568019589651034	SBS5
Rahbari_2015	3	107895355	C	A	3_107895355_C>A	ACC>A	0.9541385776481084	SBS5
Rahbari_2015	3	110403119	T	C	3_110403119_T>C	ATG>C	0.9994480802285792	SBS5
Rahbari_2015	3	115378007	A	G	3_115378007_A>G	ATT>C	0.9710383881141229	SBS5
Rahbari_2015	3	133389211	A	G	3_133389211_A>G	GTG>C	0.9847145520601851	SBS5
Rahbari_2015	3	133597262	C	T	3_133597262_C>T	GCA>T	0.9564376677028832	SBS5
Rahbari_2015	3	136046645	G	T	3_136046645_G>T	GCA>A	0.9700949608402764	SBS5
Rahbari_2015	3	141358013	T	G	3_141358013_T>G	CTA>G	0.9972796876442724	SBS5
Rahbari_2015	3	141693364	T	C	3_141693364_T>C	ATC>C	0.9568019589651034	SBS5
Rahbari_2015	3	144818527	T	C	3_144818527_T>C	ATA>C	0.9953267029228771	SBS5
Rahbari_2015	3	146514955	G	A	3_146514955_G>A	CCG>T	0.6902973251704562	SBS1
Rahbari_2015	3	151182385	T	C	3_151182385_T>C	CTA>C	0.9999999999999968	SBS5
Rahbari_2015	3	153634688	T	C	3_153634688_T>C	CTG>C	0.9965674326444546	SBS5
Rahbari_2015	3	163457259	C	G	3_163457259_C>G	GCA>G	0.999592367411222	SBS5
Rahbari_2015	3	170239876	G	T	3_170239876_G>T	CCG>A	0.9946679874135584	SBS5
Rahbari_2015	3	172421660	T	G	3_172421660_T>G	GTG>G	0.9871015237522552	SBS5
Rahbari_2015	3	181958836	G	A	3_181958836_G>A	GCG>T	0.7791107411582391	SBS1
Rahbari_2015	3	188472035	C	T	3_188472035_C>T	TCA>T	0.989235353285602	SBS5
Rahbari_2015	3	192059268	A	T	3_192059268_A>T	ATG>A	0.9757276494081604	SBS5
Rahbari_2015	3	196924319	G	A	3_196924319_G>A	TCC>T	0.9996773630783272	SBS5
Rahbari_2015	4	1518781	T	C	4_1518781_T>C	ATG>C	0.9994480802285792	SBS5
Rahbari_2015	4	2566442	C	T	4_2566442_C>T	ACG>T	0.9215918803710064	SBS1
Rahbari_2015	4	3757990	C	T	4_3757990_C>T	CCG>T	0.6902973251704562	SBS1
Rahbari_2015	4	5749192	T	G	4_5749192_T>G	CTC>G	0.9909311622254492	SBS5
Rahbari_2015	4	8674852	A	G	4_8674852_A>G	GTA>C	0.9853965842149104	SBS5
Rahbari_2015	4	10354325	C	A	4_10354325_C>A	TCT>A	0.9999078687840984	SBS5
Rahbari_2015	4	13700297	A	C	4_13700297_A>C	CTA>G	0.9972796876442724	SBS5
Rahbari_2015	4	18464873	G	A	4_18464873_G>A	ACC>T	0.9343482883659708	SBS5
Rahbari_2015	4	22386050	C	T	4_22386050_C>T	CCG>T	0.6902973251704562	SBS1
Rahbari_2015	4	30610229	A	G	4_30610229_A>G	ATA>C	0.9953267029228771	SBS5
Rahbari_2015	4	32632123	G	T	4_32632123_G>T	TCC>A	0.9479512390125971	SBS5
Rahbari_2015	4	55003775	T	C	4_55003775_T>C	ATG>C	0.9994480802285792	SBS5
Rahbari_2015	4	59821835	G	T	4_59821835_G>T	GCA>A	0.9700949608402764	SBS5
Rahbari_2015	4	61857569	G	A	4_61857569_G>A	ACC>T	0.9343482883659708	SBS5
Rahbari_2015	4	65025331	T	G	4_65025331_T>G	CTT>G	0.9953599078484432	SBS5
Rahbari_2015	4	71455115	G	A	4_71455115_G>A	GCG>T	0.7791107411582391	SBS1
Rahbari_2015	4	72808996	A	G	4_72808996_A>G	TTA>C	0.9971886287169676	SBS5
Rahbari_2015	4	73083961	C	A	4_73083961_C>A	ACC>A	0.9541385776481084	SBS5
Rahbari_2015	4	82315174	G	C	4_82315174_G>C	GCC>G	0.9936163060545652	SBS5
Rahbari_2015	4	85453898	C	T	4_85453898_C>T	CCA>T	0.979896045968078	SBS5
Rahbari_2015	4	85861190	G	T	4_85861190_G>T	GCA>A	0.9700949608402764	SBS5
Rahbari_2015	4	88052052	A	T	4_88052052_A>T	CTG>A	0.9872934759401087	SBS5
Rahbari_2015	4	96696958	C	A	4_96696958_C>A	TCA>A	0.9983367649671121	SBS5
Rahbari_2015	4	110369953	A	G	4_110369953_A>G	ATT>C	0.9710383881141229	SBS5
Rahbari_2015	4	112235029	C	T	4_112235029_C>T	TCA>T	0.989235353285602	SBS5
Rahbari_2015	4	116897838	T	C	4_116897838_T>C	ATT>C	0.9710383881141229	SBS5
Rahbari_2015	4	120170337	T	C	4_120170337_T>C	CTA>C	0.9999999999999968	SBS5
Rahbari_2015	4	130327146	T	C	4_130327146_T>C	TTA>C	0.9971886287169676	SBS5
Rahbari_2015	4	139315088	A	C	4_139315088_A>C	CTC>G	0.9909311622254492	SBS5
Rahbari_2015	4	144432457	C	T	4_144432457_C>T	GCT>T	0.9995893109769388	SBS5
Rahbari_2015	4	145539408	A	G	4_145539408_A>G	TTA>C	0.9971886287169676	SBS5
Rahbari_2015	4	148405286	G	C	4_148405286_G>C	TCT>G	0.9757655440055678	SBS5
Rahbari_2015	4	148937588	G	T	4_148937588_G>T	TCC>A	0.9479512390125971	SBS5
Rahbari_2015	4	149955762	T	G	4_149955762_T>G	TTA>G	0.9999999999999916	SBS5
Rahbari_2015	4	152895687	A	C	4_152895687_A>C	CTC>G	0.9909311622254492	SBS5
Rahbari_2015	4	156623512	G	A	4_156623512_G>A	ACG>T	0.9215918803710064	SBS1
Rahbari_2015	4	157369893	A	T	4_157369893_A>T	ATA>A	0.9788827428254666	SBS5
Rahbari_2015	4	157552069	T	G	4_157552069_T>G	GTG>G	0.9871015237522552	SBS5
Rahbari_2015	4	160727314	C	T	4_160727314_C>T	ACG>T	0.9215918803710064	SBS1
Rahbari_2015	4	161703803	T	C	4_161703803_T>C	ATG>C	0.9994480802285792	SBS5
Rahbari_2015	4	163830336	A	G	4_163830336_A>G	CTT>C	0.9994313441543491	SBS5
Rahbari_2015	4	176688767	C	T	4_176688767_C>T	ACG>T	0.9215918803710064	SBS1
Rahbari_2015	4	179706000	C	A	4_179706000_C>A	GCC>A	0.9912582518493523	SBS5
Rahbari_2015	4	180517166	C	T	4_180517166_C>T	ACC>T	0.9343482883659708	SBS5
Rahbari_2015	4	182651376	A	T	4_182651376_A>T	GTT>A	0.9843048073044895	SBS5
Rahbari_2015	4	183798187	C	A	4_183798187_C>A	CCT>A	0.9999999999999932	SBS5
Rahbari_2015	4	188235403	A	G	4_188235403_A>G	TTC>C	0.9350347056169518	SBS5
Rahbari_2015	4	189009377	A	G	4_189009377_A>G	TTG>C	0.993523491178049	SBS5
Rahbari_2015	5	10757635	T	C	5_10757635_T>C	TTC>C	0.9350347056169518	SBS5
Rahbari_2015	5	13657995	C	T	5_13657995_C>T	CCG>T	0.6902973251704562	SBS1
Rahbari_2015	5	20977408	T	A	5_20977408_T>A	TTT>A	0.9513174690672004	SBS5
Rahbari_2015	5	29266073	T	G	5_29266073_T>G	GTG>G	0.9871015237522552	SBS5
Rahbari_2015	5	31273207	G	A	5_31273207_G>A	ACG>T	0.9215918803710064	SBS1
Rahbari_2015	5	33085679	T	C	5_33085679_T>C	GTG>C	0.9847145520601851	SBS5
Rahbari_2015	5	44150900	C	T	5_44150900_C>T	ACT>T	0.9202514914207148	SBS5
Rahbari_2015	5	56874372	C	T	5_56874372_C>T	ACG>T	0.9215918803710064	SBS1
Rahbari_2015	5	58002850	C	T	5_58002850_C>T	TCA>T	0.989235353285602	SBS5
Rahbari_2015	5	73450989	G	A	5_73450989_G>A	CCC>T	0.9971799493266468	SBS5
Rahbari_2015	5	74825421	A	C	5_74825421_A>C	TTA>G	0.9999999999999916	SBS5
Rahbari_2015	5	74833523	G	A	5_74833523_G>A	GCG>T	0.7791107411582391	SBS1
Rahbari_2015	5	77192001	G	A	5_77192001_G>A	GCG>T	0.7791107411582391	SBS1
Rahbari_2015	5	79102488	G	T	5_79102488_G>T	GCC>A	0.9912582518493523	SBS5
Rahbari_2015	5	90671436	T	C	5_90671436_T>C	GTT>C	0.9989653520543104	SBS5
Rahbari_2015	5	93179786	A	C	5_93179786_A>C	ATA>G	0.9912101774728092	SBS5
Rahbari_2015	5	98644920	C	A	5_98644920_C>A	GCT>A	0.9999999999999936	SBS5
Rahbari_2015	5	110393760	C	A	5_110393760_C>A	GCA>A	0.9700949608402764	SBS5
Rahbari_2015	5	110393760	C	A	5_110393760_C>A	GCA>A	0.9700949608402764	SBS5
Rahbari_2015	5	113746188	C	T	5_113746188_C>T	CCT>T	0.9983142833055476	SBS5
Rahbari_2015	5	119337522	A	G	5_119337522_A>G	CTT>C	0.9994313441543491	SBS5
Rahbari_2015	5	131493795	A	G	5_131493795_A>G	ATT>C	0.9710383881141229	SBS5
Rahbari_2015	5	133127676	C	A	5_133127676_C>A	ACT>A	0.9628926785616846	SBS5
Rahbari_2015	5	135344880	C	A	5_135344880_C>A	GCC>A	0.9912582518493523	SBS5
Rahbari_2015	5	137483912	G	A	5_137483912_G>A	CCG>T	0.6902973251704562	SBS1
Rahbari_2015	5	142225325	C	G	5_142225325_C>G	CCC>G	0.9983177291161022	SBS5
Rahbari_2015	5	147385969	C	T	5_147385969_C>T	ACA>T	0.8675928111764469	SBS5
Rahbari_2015	5	151708383	A	C	5_151708383_A>C	CTA>G	0.9972796876442724	SBS5
Rahbari_2015	5	153625609	T	C	5_153625609_T>C	ATG>C	0.9994480802285792	SBS5
Rahbari_2015	5	161666654	T	C	5_161666654_T>C	ATA>C	0.9953267029228771	SBS5
Rahbari_2015	5	162825208	A	C	5_162825208_A>C	TTC>G	0.9983312332821868	SBS5
Rahbari_2015	5	162870558	C	G	5_162870558_C>G	ACA>G	0.9646464560657172	SBS5
Rahbari_2015	6	4559200	G	A	6_4559200_G>A	ACG>T	0.9215918803710064	SBS1
Rahbari_2015	6	11586840	A	G	6_11586840_A>G	ATA>C	0.9953267029228771	SBS5
Rahbari_2015	6	14253100	A	G	6_14253100_A>G	CTA>C	0.9999999999999968	SBS5
Rahbari_2015	6	23585684	C	T	6_23585684_C>T	ACT>T	0.9202514914207148	SBS5
Rahbari_2015	6	31092161	T	C	6_31092161_T>C	ATT>C	0.9710383881141229	SBS5
Rahbari_2015	6	48127262	C	T	6_48127262_C>T	GCG>T	0.7791107411582391	SBS1
Rahbari_2015	6	49308992	T	G	6_49308992_T>G	CTA>G	0.9972796876442724	SBS5
Rahbari_2015	6	50207700	C	T	6_50207700_C>T	ACG>T	0.9215918803710064	SBS1
Rahbari_2015	6	68397004	G	C	6_68397004_G>C	ACC>G	0.9591452491263212	SBS5
Rahbari_2015	6	68444263	T	G	6_68444263_T>G	TTT>G	0.9999999999999968	SBS5
Rahbari_2015	6	72599641	A	G	6_72599641_A>G	ATC>C	0.9568019589651034	SBS5
Rahbari_2015	6	74118729	G	A	6_74118729_G>A	CCG>T	0.6902973251704562	SBS1
Rahbari_2015	6	75334032	A	G	6_75334032_A>G	GTG>C	0.9847145520601851	SBS5
Rahbari_2015	6	80224272	A	G	6_80224272_A>G	ATA>C	0.9953267029228771	SBS5
Rahbari_2015	6	83697241	T	C	6_83697241_T>C	GTA>C	0.9853965842149104	SBS5
Rahbari_2015	6	83823583	G	C	6_83823583_G>C	CCA>G	0.9993113764892484	SBS5
Rahbari_2015	6	85514558	A	G	6_85514558_A>G	ATT>C	0.9710383881141229	SBS5
Rahbari_2015	6	88139440	T	A	6_88139440_T>A	CTC>A	0.9851542332781864	SBS5
Rahbari_2015	6	93592809	A	G	6_93592809_A>G	CTA>C	0.9999999999999968	SBS5
Rahbari_2015	6	96938301	C	T	6_96938301_C>T	TCA>T	0.989235353285602	SBS5
Rahbari_2015	6	100218272	C	T	6_100218272_C>T	CCA>T	0.979896045968078	SBS5
Rahbari_2015	6	117263536	C	T	6_117263536_C>T	CCG>T	0.6902973251704562	SBS1
Rahbari_2015	6	118924005	G	T	6_118924005_G>T	GCG>A	0.9524513430992894	SBS5
Rahbari_2015	6	120758587	G	C	6_120758587_G>C	TCA>G	0.9999999999999942	SBS5
Rahbari_2015	6	125045116	C	T	6_125045116_C>T	GCG>T	0.7791107411582391	SBS1
Rahbari_2015	6	125145363	G	A	6_125145363_G>A	TCG>T	0.5792650703329694	SBS1
Rahbari_2015	6	126698602	G	A	6_126698602_G>A	GCT>T	0.9995893109769388	SBS5
Rahbari_2015	6	131668252	G	A	6_131668252_G>A	GCG>T	0.7791107411582391	SBS1
Rahbari_2015	6	137176025	T	G	6_137176025_T>G	TTA>G	0.9999999999999916	SBS5
Rahbari_2015	6	146847675	C	A	6_146847675_C>A	ACC>A	0.9541385776481084	SBS5
Rahbari_2015	6	146962900	G	A	6_146962900_G>A	TCA>T	0.989235353285602	SBS5
Rahbari_2015	6	151306178	G	C	6_151306178_G>C	ACA>G	0.9646464560657172	SBS5
Rahbari_2015	6	159818630	C	T	6_159818630_C>T	TCA>T	0.989235353285602	SBS5
Rahbari_2015	6	168124969	A	G	6_168124969_A>G	TTT>C	0.9554941194382732	SBS5
Rahbari_2015	6	170580612	G	A	6_170580612_G>A	CCT>T	0.9983142833055476	SBS5
Rahbari_2015	7	181322	C	T	7_181322_C>T	GCC>T	0.9991457278024256	SBS5
Rahbari_2015	7	2361505	C	T	7_2361505_C>T	CCG>T	0.6902973251704562	SBS1
Rahbari_2015	7	13171628	C	T	7_13171628_C>T	ACA>T	0.8675928111764469	SBS5
Rahbari_2015	7	22646440	C	T	7_22646440_C>T	ACG>T	0.9215918803710064	SBS1
Rahbari_2015	7	27498606	C	T	7_27498606_C>T	ACT>T	0.9202514914207148	SBS5
Rahbari_2015	7	34390207	C	T	7_34390207_C>T	ACA>T	0.8675928111764469	SBS5
Rahbari_2015	7	36540853	C	G	7_36540853_C>G	CCA>G	0.9993113764892484	SBS5
Rahbari_2015	7	39335170	C	T	7_39335170_C>T	TCC>T	0.9996773630783272	SBS5
Rahbari_2015	7	44282977	G	A	7_44282977_G>A	GCG>T	0.7791107411582391	SBS1
Rahbari_2015	7	47482423	C	T	7_47482423_C>T	CCC>T	0.9971799493266468	SBS5
Rahbari_2015	7	68713147	C	T	7_68713147_C>T	TCG>T	0.5792650703329694	SBS1
Rahbari_2015	7	69360291	G	C	7_69360291_G>C	GCT>G	0.9999999999999934	SBS5
Rahbari_2015	7	69927686	C	T	7_69927686_C>T	GCC>T	0.9991457278024256	SBS5
Rahbari_2015	7	70691440	T	C	7_70691440_T>C	CTT>C	0.9994313441543491	SBS5
Rahbari_2015	7	71157016	G	A	7_71157016_G>A	GCC>T	0.9991457278024256	SBS5
Rahbari_2015	7	85495257	A	C	7_85495257_A>C	TTT>G	0.9999999999999968	SBS5
Rahbari_2015	7	86029908	A	G	7_86029908_A>G	CTG>C	0.9965674326444546	SBS5
Rahbari_2015	7	87345272	C	A	7_87345272_C>A	TCG>A	0.9999999999999808	SBS5
Rahbari_2015	7	94766829	C	T	7_94766829_C>T	TCG>T	0.5792650703329694	SBS1
Rahbari_2015	7	117499355	A	G	7_117499355_A>G	ATA>C	0.9953267029228771	SBS5
Rahbari_2015	7	123291947	G	T	7_123291947_G>T	CCC>A	0.9451640864886368	SBS5
Rahbari_2015	7	127004732	C	T	7_127004732_C>T	TCG>T	0.5792650703329694	SBS1
Rahbari_2015	7	131999894	C	T	7_131999894_C>T	ACG>T	0.9215918803710064	SBS1
Rahbari_2015	7	135258914	C	G	7_135258914_C>G	CCA>G	0.9993113764892484	SBS5
Rahbari_2015	7	135457753	C	G	7_135457753_C>G	ACA>G	0.9646464560657172	SBS5
Rahbari_2015	7	155049024	A	T	7_155049024_A>T	CTA>A	0.9975884857476948	SBS5
Rahbari_2015	8	355392	G	T	8_355392_G>T	TCA>A	0.9983367649671121	SBS5
Rahbari_2015	8	6260356	G	C	8_6260356_G>C	CCT>G	0.9999999999999954	SBS5
Rahbari_2015	8	9324018	C	T	8_9324018_C>T	ACA>T	0.8675928111764469	SBS5
Rahbari_2015	8	10404466	G	T	8_10404466_G>T	TCC>A	0.9479512390125971	SBS5
Rahbari_2015	8	10404466	G	T	8_10404466_G>T	TCC>A	0.9479512390125971	SBS5
Rahbari_2015	8	10404466	G	T	8_10404466_G>T	TCC>A	0.9479512390125971	SBS5
Rahbari_2015	8	11491496	G	A	8_11491496_G>A	GCG>T	0.7791107411582391	SBS1
Rahbari_2015	8	15075561	G	A	8_15075561_G>A	ACT>T	0.9202514914207148	SBS5
Rahbari_2015	8	15228471	C	T	8_15228471_C>T	GCT>T	0.9995893109769388	SBS5
Rahbari_2015	8	17546134	C	T	8_17546134_C>T	GCG>T	0.7791107411582391	SBS1
Rahbari_2015	8	25947367	C	T	8_25947367_C>T	CCG>T	0.6902973251704562	SBS1
Rahbari_2015	8	26293310	C	T	8_26293310_C>T	GCA>T	0.9564376677028832	SBS5
Rahbari_2015	8	28477190	T	G	8_28477190_T>G	CTC>G	0.9909311622254492	SBS5
Rahbari_2015	8	29704170	A	G	8_29704170_A>G	TTT>C	0.9554941194382732	SBS5
Rahbari_2015	8	34569703	C	A	8_34569703_C>A	GCA>A	0.9700949608402764	SBS5
Rahbari_2015	8	34609449	C	A	8_34609449_C>A	TCC>A	0.9479512390125971	SBS5
Rahbari_2015	8	38247415	C	T	8_38247415_C>T	CCA>T	0.979896045968078	SBS5
Rahbari_2015	8	49435491	C	T	8_49435491_C>T	TCG>T	0.5792650703329694	SBS1
Rahbari_2015	8	51084187	A	T	8_51084187_A>T	ATC>A	0.9398151370762584	SBS5
Rahbari_2015	8	60086598	C	T	8_60086598_C>T	TCT>T	0.999999999999998	SBS5
Rahbari_2015	8	68541594	A	G	8_68541594_A>G	CTA>C	0.9999999999999968	SBS5
Rahbari_2015	8	72030512	C	T	8_72030512_C>T	ACG>T	0.9215918803710064	SBS1
Rahbari_2015	8	84572692	G	A	8_84572692_G>A	GCA>T	0.9564376677028832	SBS5
Rahbari_2015	8	86650572	C	T	8_86650572_C>T	ACC>T	0.9343482883659708	SBS5
Rahbari_2015	8	91134646	C	G	8_91134646_C>G	CCT>G	0.9999999999999954	SBS5
Rahbari_2015	8	91134646	C	G	8_91134646_C>G	CCT>G	0.9999999999999954	SBS5
Rahbari_2015	8	99625779	G	A	8_99625779_G>A	TCG>T	0.5792650703329694	SBS1
Rahbari_2015	8	111452492	C	T	8_111452492_C>T	ACT>T	0.9202514914207148	SBS5
Rahbari_2015	8	112100764	T	C	8_112100764_T>C	ATA>C	0.9953267029228771	SBS5
Rahbari_2015	8	113140788	C	T	8_113140788_C>T	ACA>T	0.8675928111764469	SBS5
Rahbari_2015	8	116489011	A	G	8_116489011_A>G	GTG>C	0.9847145520601851	SBS5
Rahbari_2015	8	119928473	G	A	8_119928473_G>A	GCG>T	0.7791107411582391	SBS1
Rahbari_2015	8	121082146	A	G	8_121082146_A>G	ATA>C	0.9953267029228771	SBS5
Rahbari_2015	8	124082482	C	T	8_124082482_C>T	ACA>T	0.8675928111764469	SBS5
Rahbari_2015	8	133624526	G	C	8_133624526_G>C	ACA>G	0.9646464560657172	SBS5
Rahbari_2015	8	134211873	A	G	8_134211873_A>G	CTG>C	0.9965674326444546	SBS5
Rahbari_2015	8	135632784	A	C	8_135632784_A>C	GTA>G	0.9999999999999823	SBS5
Rahbari_2015	8	140536620	C	T	8_140536620_C>T	CCG>T	0.6902973251704562	SBS1
Rahbari_2015	9	799894	C	T	9_799894_C>T	TCG>T	0.5792650703329694	SBS1
Rahbari_2015	9	1840306	C	T	9_1840306_C>T	GCG>T	0.7791107411582391	SBS1
Rahbari_2015	9	2959572	G	T	9_2959572_G>T	GCT>A	0.9999999999999936	SBS5
Rahbari_2015	9	16943166	C	T	9_16943166_C>T	TCC>T	0.9996773630783272	SBS5
Rahbari_2015	9	22848447	T	G	9_22848447_T>G	ATA>G	0.9912101774728092	SBS5
Rahbari_2015	9	26490129	G	A	9_26490129_G>A	CCT>T	0.9983142833055476	SBS5
Rahbari_2015	9	35431680	A	G	9_35431680_A>G	GTT>C	0.9989653520543104	SBS5
Rahbari_2015	9	69790585	A	G	9_69790585_A>G	CTC>C	0.9543453073596284	SBS5
Rahbari_2015	9	70896499	C	T	9_70896499_C>T	GCG>T	0.7791107411582391	SBS1
Rahbari_2015	9	71641250	C	T	9_71641250_C>T	ACT>T	0.9202514914207148	SBS5
Rahbari_2015	9	73278839	C	T	9_73278839_C>T	TCG>T	0.5792650703329694	SBS1
Rahbari_2015	9	75790136	T	C	9_75790136_T>C	GTA>C	0.9853965842149104	SBS5
Rahbari_2015	9	77000688	C	T	9_77000688_C>T	ACG>T	0.9215918803710064	SBS1
Rahbari_2015	9	78784260	T	C	9_78784260_T>C	ATG>C	0.9994480802285792	SBS5
Rahbari_2015	9	82099993	C	T	9_82099993_C>T	ACC>T	0.9343482883659708	SBS5
Rahbari_2015	9	85352234	G	T	9_85352234_G>T	TCT>A	0.9999078687840984	SBS5
Rahbari_2015	9	86244692	C	A	9_86244692_C>A	ACG>A	0.9813154186172008	SBS5
Rahbari_2015	9	90826042	G	A	9_90826042_G>A	TCA>T	0.989235353285602	SBS5
Rahbari_2015	9	100082549	G	A	9_100082549_G>A	ACG>T	0.9215918803710064	SBS1
Rahbari_2015	9	103062479	T	C	9_103062479_T>C	ATA>C	0.9953267029228771	SBS5
Rahbari_2015	9	103740683	A	T	9_103740683_A>T	TTA>A	0.8251232910154007	SBS5
Rahbari_2015	9	108826855	G	C	9_108826855_G>C	CCT>G	0.9999999999999954	SBS5
Rahbari_2015	9	113252270	A	G	9_113252270_A>G	GTA>C	0.9853965842149104	SBS5
Rahbari_2015	9	115409471	C	T	9_115409471_C>T	TCG>T	0.5792650703329694	SBS1
Rahbari_2015	9	121404556	C	G	9_121404556_C>G	CCT>G	0.9999999999999954	SBS5
Rahbari_2015	9	122533541	G	A	9_122533541_G>A	CCG>T	0.6902973251704562	SBS1
Rahbari_2015	9	123708735	T	G	9_123708735_T>G	ATG>G	0.99332763155716	SBS5
Rahbari_2015	9	126659377	C	T	9_126659377_C>T	ACG>T	0.9215918803710064	SBS1
Rahbari_2015	9	130488535	G	A	9_130488535_G>A	TCT>T	0.999999999999998	SBS5
Rahbari_2015	9	133973755	C	T	9_133973755_C>T	ACG>T	0.9215918803710064	SBS1
Rahbari_2015	9	136448057	G	A	9_136448057_G>A	ACG>T	0.9215918803710064	SBS1
Rahbari_2015	9	136473827	C	T	9_136473827_C>T	GCG>T	0.7791107411582391	SBS1
Rahbari_2015	9	136996763	G	T	9_136996763_G>T	CCC>A	0.9451640864886368	SBS5
Rahbari_2015	10	115348	T	C	10_115348_T>C	ATA>C	0.9953267029228771	SBS5
Rahbari_2015	10	3382929	A	G	10_3382929_A>G	GTT>C	0.9989653520543104	SBS5
Rahbari_2015	10	8045580	G	T	10_8045580_G>T	TCT>A	0.9999078687840984	SBS5
Rahbari_2015	10	16390587	G	A	10_16390587_G>A	CCA>T	0.979896045968078	SBS5
Rahbari_2015	10	17266861	C	A	10_17266861_C>A	GCA>A	0.9700949608402764	SBS5
Rahbari_2015	10	18313962	G	A	10_18313962_G>A	TCT>T	0.999999999999998	SBS5
Rahbari_2015	10	19566168	G	T	10_19566168_G>T	GCA>A	0.9700949608402764	SBS5
Rahbari_2015	10	19651198	A	C	10_19651198_A>C	ATA>G	0.9912101774728092	SBS5
Rahbari_2015	10	26186939	C	G	10_26186939_C>G	ACC>G	0.9591452491263212	SBS5
Rahbari_2015	10	31155913	C	G	10_31155913_C>G	GCT>G	0.9999999999999934	SBS5
Rahbari_2015	10	32574165	A	G	10_32574165_A>G	CTG>C	0.9965674326444546	SBS5
Rahbari_2015	10	58582195	T	C	10_58582195_T>C	ATG>C	0.9994480802285792	SBS5
Rahbari_2015	10	60135382	C	T	10_60135382_C>T	GCT>T	0.9995893109769388	SBS5
Rahbari_2015	10	69747552	G	A	10_69747552_G>A	GCG>T	0.7791107411582391	SBS1
Rahbari_2015	10	72518973	T	G	10_72518973_T>G	CTC>G	0.9909311622254492	SBS5
Rahbari_2015	10	76663344	T	A	10_76663344_T>A	GTG>A	0.9882287125586482	SBS5
Rahbari_2015	10	80948201	A	G	10_80948201_A>G	TTA>C	0.9971886287169676	SBS5
Rahbari_2015	10	87863734	C	T	10_87863734_C>T	CCG>T	0.6902973251704562	SBS1
Rahbari_2015	10	89943237	A	C	10_89943237_A>C	GTC>G	0.999999999999974	SBS5
Rahbari_2015	10	91721115	T	G	10_91721115_T>G	ATG>G	0.99332763155716	SBS5
Rahbari_2015	10	92593487	G	T	10_92593487_G>T	CCG>A	0.9946679874135584	SBS5
Rahbari_2015	10	97590757	G	A	10_97590757_G>A	ACT>T	0.9202514914207148	SBS5
Rahbari_2015	10	99788856	C	T	10_99788856_C>T	TCC>T	0.9996773630783272	SBS5
Rahbari_2015	10	99845679	T	C	10_99845679_T>C	TTC>C	0.9350347056169518	SBS5
Rahbari_2015	10	104637536	T	C	10_104637536_T>C	ATT>C	0.9710383881141229	SBS5
Rahbari_2015	10	106502406	T	A	10_106502406_T>A	ATA>A	0.9788827428254666	SBS5
Rahbari_2015	10	110447691	T	C	10_110447691_T>C	TTG>C	0.993523491178049	SBS5
Rahbari_2015	10	113490322	T	C	10_113490322_T>C	ATT>C	0.9710383881141229	SBS5
Rahbari_2015	10	117360287	T	A	10_117360287_T>A	CTT>A	0.9881099582341124	SBS5
Rahbari_2015	11	7773443	C	T	11_7773443_C>T	GCA>T	0.9564376677028832	SBS5
Rahbari_2015	11	10796147	G	T	11_10796147_G>T	TCT>A	0.9999078687840984	SBS5
Rahbari_2015	11	14376976	T	C	11_14376976_T>C	CTA>C	0.9999999999999968	SBS5
Rahbari_2015	11	19816267	G	T	11_19816267_G>T	GCC>A	0.9912582518493523	SBS5
Rahbari_2015	11	22146319	C	G	11_22146319_C>G	TCT>G	0.9757655440055678	SBS5
Rahbari_2015	11	24584575	T	C	11_24584575_T>C	TTT>C	0.9554941194382732	SBS5
Rahbari_2015	11	24915874	C	T	11_24915874_C>T	CCA>T	0.979896045968078	SBS5
Rahbari_2015	11	28681297	G	A	11_28681297_G>A	ACT>T	0.9202514914207148	SBS5
Rahbari_2015	11	35193986	G	T	11_35193986_G>T	CCC>A	0.9451640864886368	SBS5
Rahbari_2015	11	55437768	A	G	11_55437768_A>G	ATG>C	0.9994480802285792	SBS5
Rahbari_2015	11	56008849	A	G	11_56008849_A>G	CTC>C	0.9543453073596284	SBS5
Rahbari_2015	11	57128088	A	T	11_57128088_A>T	ATA>A	0.9788827428254666	SBS5
Rahbari_2015	11	57261137	T	G	11_57261137_T>G	TTG>G	0.9835569712242708	SBS5
Rahbari_2015	11	63155108	A	G	11_63155108_A>G	ATT>C	0.9710383881141229	SBS5
Rahbari_2015	11	66287648	G	C	11_66287648_G>C	GCT>G	0.9999999999999934	SBS5
Rahbari_2015	11	70183007	G	A	11_70183007_G>A	GCC>T	0.9991457278024256	SBS5
Rahbari_2015	11	70670019	C	T	11_70670019_C>T	CCG>T	0.6902973251704562	SBS1
Rahbari_2015	11	70756630	C	T	11_70756630_C>T	ACC>T	0.9343482883659708	SBS5
Rahbari_2015	11	75215894	C	T	11_75215894_C>T	CCC>T	0.9971799493266468	SBS5
Rahbari_2015	11	78595385	C	T	11_78595385_C>T	ACA>T	0.8675928111764469	SBS5
Rahbari_2015	11	80138353	A	C	11_80138353_A>C	TTG>G	0.9835569712242708	SBS5
Rahbari_2015	11	80406330	G	A	11_80406330_G>A	TCA>T	0.989235353285602	SBS5
Rahbari_2015	11	82692924	G	A	11_82692924_G>A	CCC>T	0.9971799493266468	SBS5
Rahbari_2015	11	83467167	A	G	11_83467167_A>G	ATT>C	0.9710383881141229	SBS5
Rahbari_2015	11	83737838	G	T	11_83737838_G>T	ACC>A	0.9541385776481084	SBS5
Rahbari_2015	11	84438098	A	T	11_84438098_A>T	TTG>A	0.9988380410010688	SBS5
Rahbari_2015	11	84855521	C	G	11_84855521_C>G	TCT>G	0.9757655440055678	SBS5
Rahbari_2015	11	108507344	C	A	11_108507344_C>A	TCC>A	0.9479512390125971	SBS5
Rahbari_2015	11	109868387	G	A	11_109868387_G>A	ACG>T	0.9215918803710064	SBS1
Rahbari_2015	11	117437225	C	T	11_117437225_C>T	CCG>T	0.6902973251704562	SBS1
Rahbari_2015	11	117778058	C	T	11_117778058_C>T	GCA>T	0.9564376677028832	SBS5
Rahbari_2015	11	119214321	C	T	11_119214321_C>T	GCG>T	0.7791107411582391	SBS1
Rahbari_2015	11	119494295	C	T	11_119494295_C>T	CCT>T	0.9983142833055476	SBS5
Rahbari_2015	11	126692716	C	T	11_126692716_C>T	ACG>T	0.9215918803710064	SBS1
Rahbari_2015	11	132520893	A	T	11_132520893_A>T	TTT>A	0.9513174690672004	SBS5
Rahbari_2015	11	134715109	C	T	11_134715109_C>T	TCG>T	0.5792650703329694	SBS1
Rahbari_2015	12	4209761	C	T	12_4209761_C>T	CCG>T	0.6902973251704562	SBS1
Rahbari_2015	12	7938275	G	T	12_7938275_G>T	TCT>A	0.9999078687840984	SBS5
Rahbari_2015	12	13474916	C	T	12_13474916_C>T	ACC>T	0.9343482883659708	SBS5
Rahbari_2015	12	14948037	G	A	12_14948037_G>A	CCC>T	0.9971799493266468	SBS5
Rahbari_2015	12	17231441	G	A	12_17231441_G>A	ACG>T	0.9215918803710064	SBS1
Rahbari_2015	12	19854202	A	G	12_19854202_A>G	TTC>C	0.9350347056169518	SBS5
Rahbari_2015	12	20273246	A	G	12_20273246_A>G	TTT>C	0.9554941194382732	SBS5
Rahbari_2015	12	23100336	G	C	12_23100336_G>C	TCC>G	0.9947124654561816	SBS5
Rahbari_2015	12	25521464	G	A	12_25521464_G>A	CCG>T	0.6902973251704562	SBS1
Rahbari_2015	12	30040226	C	A	12_30040226_C>A	TCA>A	0.9983367649671121	SBS5
Rahbari_2015	12	45142511	C	T	12_45142511_C>T	CCG>T	0.6902973251704562	SBS1
Rahbari_2015	12	54455190	A	C	12_54455190_A>C	CTC>G	0.9909311622254492	SBS5
Rahbari_2015	12	55117007	T	C	12_55117007_T>C	GTC>C	0.9545428964089624	SBS5
Rahbari_2015	12	56514677	A	G	12_56514677_A>G	CTT>C	0.9994313441543491	SBS5
Rahbari_2015	12	57545924	T	C	12_57545924_T>C	GTT>C	0.9989653520543104	SBS5
Rahbari_2015	12	61422390	C	T	12_61422390_C>T	CCA>T	0.979896045968078	SBS5
Rahbari_2015	12	62921446	C	T	12_62921446_C>T	ACA>T	0.8675928111764469	SBS5
Rahbari_2015	12	65141010	G	C	12_65141010_G>C	TCT>G	0.9757655440055678	SBS5
Rahbari_2015	12	72780523	G	A	12_72780523_G>A	ACG>T	0.9215918803710064	SBS1
Rahbari_2015	12	75529708	A	C	12_75529708_A>C	ATT>G	0.9954064909964836	SBS5
Rahbari_2015	12	84620214	G	C	12_84620214_G>C	TCC>G	0.9947124654561816	SBS5
Rahbari_2015	12	88946709	A	G	12_88946709_A>G	ATT>C	0.9710383881141229	SBS5
Rahbari_2015	12	90748429	A	G	12_90748429_A>G	TTA>C	0.9971886287169676	SBS5
Rahbari_2015	12	91355857	T	C	12_91355857_T>C	ATG>C	0.9994480802285792	SBS5
Rahbari_2015	12	93246584	A	C	12_93246584_A>C	TTT>G	0.9999999999999968	SBS5
Rahbari_2015	12	97463526	C	T	12_97463526_C>T	ACG>T	0.9215918803710064	SBS1
Rahbari_2015	12	103353789	G	A	12_103353789_G>A	GCG>T	0.7791107411582391	SBS1
Rahbari_2015	12	106393695	T	C	12_106393695_T>C	ATT>C	0.9710383881141229	SBS5
Rahbari_2015	12	108500487	C	T	12_108500487_C>T	GCT>T	0.9995893109769388	SBS5
Rahbari_2015	12	114404377	A	G	12_114404377_A>G	TTT>C	0.9554941194382732	SBS5
Rahbari_2015	12	121438024	T	A	12_121438024_T>A	GTG>A	0.9882287125586482	SBS5
Rahbari_2015	12	130078635	G	A	12_130078635_G>A	CCT>T	0.9983142833055476	SBS5
Rahbari_2015	13	24639597	G	A	13_24639597_G>A	CCT>T	0.9983142833055476	SBS5
Rahbari_2015	13	28939537	A	G	13_28939537_A>G	TTT>C	0.9554941194382732	SBS5
Rahbari_2015	13	37399003	G	T	13_37399003_G>T	GCA>A	0.9700949608402764	SBS5
Rahbari_2015	13	38296354	T	C	13_38296354_T>C	ATG>C	0.9994480802285792	SBS5
Rahbari_2015	13	46470566	G	A	13_46470566_G>A	ACC>T	0.9343482883659708	SBS5
Rahbari_2015	13	46702089	T	C	13_46702089_T>C	ATT>C	0.9710383881141229	SBS5
Rahbari_2015	13	46969367	C	T	13_46969367_C>T	TCA>T	0.989235353285602	SBS5
Rahbari_2015	13	52153385	A	T	13_52153385_A>T	TTT>A	0.9513174690672004	SBS5
Rahbari_2015	13	57498798	C	T	13_57498798_C>T	TCA>T	0.989235353285602	SBS5
Rahbari_2015	13	61503738	C	T	13_61503738_C>T	ACT>T	0.9202514914207148	SBS5
Rahbari_2015	13	74339129	C	T	13_74339129_C>T	TCA>T	0.989235353285602	SBS5
Rahbari_2015	13	75123318	C	T	13_75123318_C>T	ACT>T	0.9202514914207148	SBS5
Rahbari_2015	13	75817843	T	C	13_75817843_T>C	ATA>C	0.9953267029228771	SBS5
Rahbari_2015	13	76013598	C	T	13_76013598_C>T	GCG>T	0.7791107411582391	SBS1
Rahbari_2015	13	78352169	T	C	13_78352169_T>C	CTT>C	0.9994313441543491	SBS5
Rahbari_2015	13	78837418	A	G	13_78837418_A>G	GTT>C	0.9989653520543104	SBS5
Rahbari_2015	13	81711877	T	C	13_81711877_T>C	ATG>C	0.9994480802285792	SBS5
Rahbari_2015	13	82640327	C	G	13_82640327_C>G	TCA>G	0.9999999999999942	SBS5
Rahbari_2015	13	82799491	A	G	13_82799491_A>G	ATG>C	0.9994480802285792	SBS5
Rahbari_2015	13	92406943	T	C	13_92406943_T>C	ATT>C	0.9710383881141229	SBS5
Rahbari_2015	13	112418646	G	A	13_112418646_G>A	CCC>T	0.9971799493266468	SBS5
Rahbari_2015	14	23274466	A	G	14_23274466_A>G	ATT>C	0.9710383881141229	SBS5
Rahbari_2015	14	25203088	C	T	14_25203088_C>T	CCT>T	0.9983142833055476	SBS5
Rahbari_2015	14	34054778	C	T	14_34054778_C>T	TCC>T	0.9996773630783272	SBS5
Rahbari_2015	14	35336124	C	T	14_35336124_C>T	CCG>T	0.6902973251704562	SBS1
Rahbari_2015	14	35515297	C	T	14_35515297_C>T	TCA>T	0.989235353285602	SBS5
Rahbari_2015	14	41952347	G	C	14_41952347_G>C	ACT>G	0.9780310484425716	SBS5
Rahbari_2015	14	43932640	A	G	14_43932640_A>G	ATT>C	0.9710383881141229	SBS5
Rahbari_2015	14	50791805	G	A	14_50791805_G>A	GCG>T	0.7791107411582391	SBS1
Rahbari_2015	14	54975227	A	C	14_54975227_A>C	CTG>G	0.9958617022222918	SBS5
Rahbari_2015	14	56593071	A	G	14_56593071_A>G	ATT>C	0.9710383881141229	SBS5
Rahbari_2015	14	61473591	G	A	14_61473591_G>A	CCG>T	0.6902973251704562	SBS1
Rahbari_2015	14	67961286	A	G	14_67961286_A>G	GTG>C	0.9847145520601851	SBS5
Rahbari_2015	14	70909859	T	A	14_70909859_T>A	ATC>A	0.9398151370762584	SBS5
Rahbari_2015	14	70916220	C	T	14_70916220_C>T	ACA>T	0.8675928111764469	SBS5
Rahbari_2015	14	76967433	C	T	14_76967433_C>T	ACG>T	0.9215918803710064	SBS1
Rahbari_2015	14	77938826	C	G	14_77938826_C>G	ACT>G	0.9780310484425716	SBS5
Rahbari_2015	14	82130391	C	A	14_82130391_C>A	GCA>A	0.9700949608402764	SBS5
Rahbari_2015	14	89095609	C	G	14_89095609_C>G	ACT>G	0.9780310484425716	SBS5
Rahbari_2015	14	90343310	C	T	14_90343310_C>T	CCG>T	0.6902973251704562	SBS1
Rahbari_2015	14	94380762	A	T	14_94380762_A>T	ATC>A	0.9398151370762584	SBS5
Rahbari_2015	14	103162306	T	C	14_103162306_T>C	CTC>C	0.9543453073596284	SBS5
Rahbari_2015	15	33902553	A	T	15_33902553_A>T	ATG>A	0.9757276494081604	SBS5
Rahbari_2015	15	35471380	A	G	15_35471380_A>G	CTG>C	0.9965674326444546	SBS5
Rahbari_2015	15	36327693	C	T	15_36327693_C>T	GCC>T	0.9991457278024256	SBS5
Rahbari_2015	15	41270474	G	A	15_41270474_G>A	ACA>T	0.8675928111764469	SBS5
Rahbari_2015	15	41289516	T	C	15_41289516_T>C	TTA>C	0.9971886287169676	SBS5
Rahbari_2015	15	42670617	A	G	15_42670617_A>G	ATA>C	0.9953267029228771	SBS5
Rahbari_2015	15	48666346	G	A	15_48666346_G>A	GCG>T	0.7791107411582391	SBS1
Rahbari_2015	15	50596533	G	C	15_50596533_G>C	CCA>G	0.9993113764892484	SBS5
Rahbari_2015	15	56581859	A	T	15_56581859_A>T	ATG>A	0.9757276494081604	SBS5
Rahbari_2015	15	58409084	C	A	15_58409084_C>A	TCG>A	0.9999999999999808	SBS5
Rahbari_2015	15	60681471	T	A	15_60681471_T>A	CTC>A	0.9851542332781864	SBS5
Rahbari_2015	15	63664674	G	C	15_63664674_G>C	ACT>G	0.9780310484425716	SBS5
Rahbari_2015	15	63667297	G	C	15_63667297_G>C	ACT>G	0.9780310484425716	SBS5
Rahbari_2015	15	81137856	G	C	15_81137856_G>C	CCC>G	0.9983177291161022	SBS5
Rahbari_2015	15	87419775	A	G	15_87419775_A>G	CTG>C	0.9965674326444546	SBS5
Rahbari_2015	15	87566317	T	A	15_87566317_T>A	ATG>A	0.9757276494081604	SBS5
Rahbari_2015	15	88402810	C	T	15_88402810_C>T	ACG>T	0.9215918803710064	SBS1
Rahbari_2015	15	89239718	G	A	15_89239718_G>A	GCT>T	0.9995893109769388	SBS5
Rahbari_2015	15	90349617	C	T	15_90349617_C>T	ACC>T	0.9343482883659708	SBS5
Rahbari_2015	15	90688358	T	C	15_90688358_T>C	ATA>C	0.9953267029228771	SBS5
Rahbari_2015	15	92483574	A	G	15_92483574_A>G	TTA>C	0.9971886287169676	SBS5
Rahbari_2015	15	93974939	G	A	15_93974939_G>A	TCA>T	0.989235353285602	SBS5
Rahbari_2015	15	96051091	A	G	15_96051091_A>G	CTA>C	0.9999999999999968	SBS5
Rahbari_2015	15	97243978	A	C	15_97243978_A>C	ATT>G	0.9954064909964836	SBS5
Rahbari_2015	16	888190	C	T	16_888190_C>T	GCA>T	0.9564376677028832	SBS5
Rahbari_2015	16	1118732	A	G	16_1118732_A>G	CTG>C	0.9965674326444546	SBS5
Rahbari_2015	16	1715450	C	T	16_1715450_C>T	GCG>T	0.7791107411582391	SBS1
Rahbari_2015	16	7262193	G	A	16_7262193_G>A	CCT>T	0.9983142833055476	SBS5
Rahbari_2015	16	7752775	C	T	16_7752775_C>T	GCT>T	0.9995893109769388	SBS5
Rahbari_2015	16	8522854	C	G	16_8522854_C>G	CCT>G	0.9999999999999954	SBS5
Rahbari_2015	16	10560924	T	C	16_10560924_T>C	ATG>C	0.9994480802285792	SBS5
Rahbari_2015	16	11744909	G	A	16_11744909_G>A	ACG>T	0.9215918803710064	SBS1
Rahbari_2015	16	12559613	G	A	16_12559613_G>A	ACG>T	0.9215918803710064	SBS1
Rahbari_2015	16	12897172	C	G	16_12897172_C>G	ACT>G	0.9780310484425716	SBS5
Rahbari_2015	16	13978930	C	T	16_13978930_C>T	CCT>T	0.9983142833055476	SBS5
Rahbari_2015	16	14265384	A	G	16_14265384_A>G	CTT>C	0.9994313441543491	SBS5
Rahbari_2015	16	19498137	T	C	16_19498137_T>C	ATG>C	0.9994480802285792	SBS5
Rahbari_2015	16	24906453	G	T	16_24906453_G>T	ACG>A	0.9813154186172008	SBS5
Rahbari_2015	16	26127158	T	G	16_26127158_T>G	TTC>G	0.9983312332821868	SBS5
Rahbari_2015	16	29911728	C	T	16_29911728_C>T	CCG>T	0.6902973251704562	SBS1
Rahbari_2015	16	30857482	C	A	16_30857482_C>A	GCT>A	0.9999999999999936	SBS5
Rahbari_2015	16	48813893	C	T	16_48813893_C>T	CCC>T	0.9971799493266468	SBS5
Rahbari_2015	16	60261221	C	T	16_60261221_C>T	ACG>T	0.9215918803710064	SBS1
Rahbari_2015	16	60750156	A	G	16_60750156_A>G	GTT>C	0.9989653520543104	SBS5
Rahbari_2015	16	60832400	A	G	16_60832400_A>G	ATG>C	0.9994480802285792	SBS5
Rahbari_2015	16	62503479	T	C	16_62503479_T>C	TTT>C	0.9554941194382732	SBS5
Rahbari_2015	16	65906994	A	G	16_65906994_A>G	ATA>C	0.9953267029228771	SBS5
Rahbari_2015	16	68232050	G	A	16_68232050_G>A	GCG>T	0.7791107411582391	SBS1
Rahbari_2015	16	69084296	C	G	16_69084296_C>G	TCA>G	0.9999999999999942	SBS5
Rahbari_2015	16	70284954	G	A	16_70284954_G>A	ACG>T	0.9215918803710064	SBS1
Rahbari_2015	16	71955988	G	A	16_71955988_G>A	GCT>T	0.9995893109769388	SBS5
Rahbari_2015	16	83310629	G	A	16_83310629_G>A	GCC>T	0.9991457278024256	SBS5
Rahbari_2015	16	86482501	C	T	16_86482501_C>T	CCT>T	0.9983142833055476	SBS5
Rahbari_2015	16	86882875	T	C	16_86882875_T>C	GTG>C	0.9847145520601851	SBS5
Rahbari_2015	16	87499588	A	G	16_87499588_A>G	CTT>C	0.9994313441543491	SBS5
Rahbari_2015	16	88527933	G	A	16_88527933_G>A	CCG>T	0.6902973251704562	SBS1
Rahbari_2015	17	756481	G	A	17_756481_G>A	ACG>T	0.9215918803710064	SBS1
Rahbari_2015	17	7193060	G	A	17_7193060_G>A	TCG>T	0.5792650703329694	SBS1
Rahbari_2015	17	13099882	A	C	17_13099882_A>C	GTC>G	0.999999999999974	SBS5
Rahbari_2015	17	28668523	G	A	17_28668523_G>A	GCA>T	0.9564376677028832	SBS5
Rahbari_2015	17	29646563	G	A	17_29646563_G>A	TCG>T	0.5792650703329694	SBS1
Rahbari_2015	17	34532531	A	G	17_34532531_A>G	CTC>C	0.9543453073596284	SBS5
Rahbari_2015	17	36675317	A	C	17_36675317_A>C	CTG>G	0.9958617022222918	SBS5
Rahbari_2015	17	43906319	C	T	17_43906319_C>T	GCT>T	0.9995893109769388	SBS5
Rahbari_2015	17	56888174	G	A	17_56888174_G>A	GCG>T	0.7791107411582391	SBS1
Rahbari_2015	17	63430584	G	A	17_63430584_G>A	ACG>T	0.9215918803710064	SBS1
Rahbari_2015	17	73310543	G	A	17_73310543_G>A	CCT>T	0.9983142833055476	SBS5
Rahbari_2015	17	76904259	G	A	17_76904259_G>A	ACG>T	0.9215918803710064	SBS1
Rahbari_2015	17	82767280	T	C	17_82767280_T>C	CTG>C	0.9965674326444546	SBS5
Rahbari_2015	18	809260	A	T	18_809260_A>T	ATT>A	0.9941603201677468	SBS5
Rahbari_2015	18	1976905	G	A	18_1976905_G>A	ACC>T	0.9343482883659708	SBS5
Rahbari_2015	18	2086566	A	G	18_2086566_A>G	TTA>C	0.9971886287169676	SBS5
Rahbari_2015	18	20970369	A	G	18_20970369_A>G	ATA>C	0.9953267029228771	SBS5
Rahbari_2015	18	31441104	T	C	18_31441104_T>C	TTG>C	0.993523491178049	SBS5
Rahbari_2015	18	36906497	C	T	18_36906497_C>T	TCG>T	0.5792650703329694	SBS1
Rahbari_2015	18	41695483	T	C	18_41695483_T>C	GTA>C	0.9853965842149104	SBS5
Rahbari_2015	18	47485822	T	C	18_47485822_T>C	GTG>C	0.9847145520601851	SBS5
Rahbari_2015	18	56130871	C	T	18_56130871_C>T	TCG>T	0.5792650703329694	SBS1
Rahbari_2015	18	70192341	C	T	18_70192341_C>T	ACC>T	0.9343482883659708	SBS5
Rahbari_2015	18	70633501	C	T	18_70633501_C>T	TCT>T	0.999999999999998	SBS5
Rahbari_2015	18	74547447	C	A	18_74547447_C>A	TCT>A	0.9999078687840984	SBS5
Rahbari_2015	19	3465717	G	A	19_3465717_G>A	CCG>T	0.6902973251704562	SBS1
Rahbari_2015	19	7135875	G	A	19_7135875_G>A	CCT>T	0.9983142833055476	SBS5
Rahbari_2015	19	7727736	A	T	19_7727736_A>T	CTG>A	0.9872934759401087	SBS5
Rahbari_2015	19	8355720	C	T	19_8355720_C>T	CCG>T	0.6902973251704562	SBS1
Rahbari_2015	19	8813741	A	C	19_8813741_A>C	CTG>G	0.9958617022222918	SBS5
Rahbari_2015	19	10638232	C	T	19_10638232_C>T	CCT>T	0.9983142833055476	SBS5
Rahbari_2015	19	14079205	C	T	19_14079205_C>T	TCC>T	0.9996773630783272	SBS5
Rahbari_2015	19	14731423	G	A	19_14731423_G>A	GCG>T	0.7791107411582391	SBS1
Rahbari_2015	19	28325110	T	A	19_28325110_T>A	TTG>A	0.9988380410010688	SBS5
Rahbari_2015	19	33551459	G	C	19_33551459_G>C	CCA>G	0.9993113764892484	SBS5
Rahbari_2015	19	39306313	A	G	19_39306313_A>G	ATA>C	0.9953267029228771	SBS5
Rahbari_2015	19	48673454	C	T	19_48673454_C>T	TCC>T	0.9996773630783272	SBS5
Rahbari_2015	19	50420339	T	C	19_50420339_T>C	CTT>C	0.9994313441543491	SBS5
Rahbari_2015	20	201404	T	C	20_201404_T>C	ATT>C	0.9710383881141229	SBS5
Rahbari_2015	20	2423162	G	T	20_2423162_G>T	CCA>A	0.9917124765758841	SBS5
Rahbari_2015	20	3234105	G	A	20_3234105_G>A	CCG>T	0.6902973251704562	SBS1
Rahbari_2015	20	3580116	G	T	20_3580116_G>T	ACA>A	0.9855192584340354	SBS5
Rahbari_2015	20	5583420	C	T	20_5583420_C>T	GCG>T	0.7791107411582391	SBS1
Rahbari_2015	20	8388213	A	G	20_8388213_A>G	ATA>C	0.9953267029228771	SBS5
Rahbari_2015	20	9225490	G	A	20_9225490_G>A	ACG>T	0.9215918803710064	SBS1
Rahbari_2015	20	12155893	G	T	20_12155893_G>T	ACG>A	0.9813154186172008	SBS5
Rahbari_2015	20	12799465	G	A	20_12799465_G>A	CCC>T	0.9971799493266468	SBS5
Rahbari_2015	20	14458718	A	C	20_14458718_A>C	CTT>G	0.9953599078484432	SBS5
Rahbari_2015	20	16507632	G	A	20_16507632_G>A	GCG>T	0.7791107411582391	SBS1
Rahbari_2015	20	16539545	T	C	20_16539545_T>C	ATG>C	0.9994480802285792	SBS5
Rahbari_2015	20	18348450	G	A	20_18348450_G>A	TCA>T	0.989235353285602	SBS5
Rahbari_2015	20	18973896	A	G	20_18973896_A>G	ATA>C	0.9953267029228771	SBS5
Rahbari_2015	20	21399276	T	G	20_21399276_T>G	CTT>G	0.9953599078484432	SBS5
Rahbari_2015	20	21918475	G	A	20_21918475_G>A	GCC>T	0.9991457278024256	SBS5
Rahbari_2015	20	43391589	G	A	20_43391589_G>A	GCG>T	0.7791107411582391	SBS1
Rahbari_2015	20	57880354	C	T	20_57880354_C>T	TCG>T	0.5792650703329694	SBS1
Rahbari_2015	20	59230119	G	C	20_59230119_G>C	TCC>G	0.9947124654561816	SBS5
Rahbari_2015	20	62272494	G	A	20_62272494_G>A	GCG>T	0.7791107411582391	SBS1
Rahbari_2015	20	62583599	C	T	20_62583599_C>T	CCG>T	0.6902973251704562	SBS1
Rahbari_2015	21	24809794	G	A	21_24809794_G>A	GCG>T	0.7791107411582391	SBS1
Rahbari_2015	21	27387021	G	A	21_27387021_G>A	TCG>T	0.5792650703329694	SBS1
Rahbari_2015	21	30284795	A	C	21_30284795_A>C	ATC>G	0.9844029269778038	SBS5
Rahbari_2015	21	32624354	T	C	21_32624354_T>C	ATG>C	0.9994480802285792	SBS5
Rahbari_2015	21	33555354	T	C	21_33555354_T>C	CTG>C	0.9965674326444546	SBS5
Rahbari_2015	21	33667378	G	A	21_33667378_G>A	ACA>T	0.8675928111764469	SBS5
Rahbari_2015	21	36274609	A	G	21_36274609_A>G	GTG>C	0.9847145520601851	SBS5
Rahbari_2015	21	38880667	A	T	21_38880667_A>T	ATA>A	0.9788827428254666	SBS5
Rahbari_2015	21	41459992	C	T	21_41459992_C>T	GCT>T	0.9995893109769388	SBS5
Rahbari_2015	22	19219838	G	A	22_19219838_G>A	CCG>T	0.6902973251704562	SBS1
Rahbari_2015	22	29825070	T	C	22_29825070_T>C	ATG>C	0.9994480802285792	SBS5
Rahbari_2015	22	32815347	T	G	22_32815347_T>G	ATG>G	0.99332763155716	SBS5
Rahbari_2015	22	34158030	G	T	22_34158030_G>T	TCC>A	0.9479512390125971	SBS5
Rahbari_2015	22	37720899	C	T	22_37720899_C>T	CCC>T	0.9971799493266468	SBS5
Rahbari_2015	22	41879115	C	T	22_41879115_C>T	ACG>T	0.9215918803710064	SBS1
Rahbari_2015	22	48254900	T	C	22_48254900_T>C	CTC>C	0.9543453073596284	SBS5
Rahbari_2015	22	49599397	C	T	22_49599397_C>T	CCG>T	0.6902973251704562	SBS1
Rahbari_2015	22	50394007	C	G	22_50394007_C>G	TCT>G	0.9757655440055678	SBS5
